month,carrier,plan_bucket,avg_new,avg_mnp,max_new,max_mnp,min_new,min_mnp,rows
2025-01,hello,11GB,30000.0,66363.6,30000,70000,30000,30000,11
2025-01,hello,7GB,30000.0,88461.5,30000,200000,30000,30000,13
2025-01,ktm,11GB,101538.5,134615.4,120000,140000,40000,110000,13
2025-01,ktm,7GB,40000.0,103333.3,40000,130000,40000,80000,3
2025-01,sk7,11GB,36363.6,173636.4,50000,220000,20000,140000,11
2025-01,sk7,7GB,45454.5,140909.1,90000,170000,20000,100000,11
2025-01,skylife,11GB,45000.0,185000.0,45000,185000,45000,185000,14
2025-01,skylife,7GB,45000.0,160000.0,45000,160000,45000,160000,14
2025-01,umobile,11GB,42533.3,151933.3,44000,197000,22000,44000,15
2025-01,umobile,7GB,40333.3,138833.3,44000,153000,22000,121000,6
2025-02,hello,11GB,30000.0,113333.3,30000,120000,30000,110000,6
2025-02,hello,7GB,30000.0,130000.0,30000,130000,30000,130000,4
2025-02,ktm,11GB,40000.0,120000.0,40000,120000,40000,120000,6
2025-02,ktm,7GB,40000.0,100000.0,40000,100000,40000,100000,6
2025-02,sk7,11GB,46666.7,143333.3,60000,170000,40000,130000,6
2025-02,sk7,7GB,46666.7,123333.3,60000,150000,40000,110000,6
2025-02,skylife,11GB,45000.0,140000.0,45000,140000,45000,140000,6
2025-02,umobile,11GB,44000.0,146333.3,44000,153000,44000,143000,6
2025-02,umobile,7GB,44000.0,121000.0,44000,121000,44000,121000,2
2025-03,hello,11GB,30000.0,110000.0,30000,110000,30000,110000,9
2025-03,hello,7GB,30000.0,110000.0,30000,110000,30000,110000,2
2025-03,ktm,11GB,36388.9,71111.1,40000,110000,33500,40000,9
2025-03,ktm,7GB,40000.0,90000.0,40000,90000,40000,90000,4
2025-03,sk7,11GB,50000.0,92500.0,50000,120000,50000,50000,4
2025-03,sk7,7GB,50000.0,77500.0,50000,100000,50000,50000,4
2025-03,skylife,11GB,45000.0,115000.0,45000,115000,45000,115000,8
2025-03,skylife,7GB,45000.0,110000.0,45000,110000,45000,110000,8
2025-03,umobile,11GB,55000.0,121000.0,55000,121000,55000,121000,9
2025-03,umobile,7GB,44000.0,99000.0,44000,99000,44000,99000,9
2025-04,hello,11GB,30000.0,109000.0,30000,110000,30000,100000,10
2025-04,ktm,11GB,40000.0,90000.0,40000,90000,40000,90000,10
2025-04,ktm,7GB,40000.0,80000.0,40000,80000,40000,80000,10
2025-04,sk7,11GB,58333.3,113333.3,60000,120000,50000,110000,6
2025-04,sk7,7GB,55000.0,95000.0,60000,100000,50000,90000,6
2025-04,skylife,11GB,45000.0,115000.0,45000,115000,45000,115000,10
2025-04,skylife,7GB,45000.0,90000.0,45000,90000,45000,90000,9
2025-04,umobile,11GB,55000.0,108800.0,55000,120000,55000,99000,10
2025-04,umobile,7GB,55000.0,95400.0,55000,100000,55000,77000,10
2025-05,hello,11GB,30000.0,100000.0,30000,100000,30000,100000,2
2025-05,ktm,11GB,40000.0,80000.0,40000,80000,40000,80000,2
2025-05,ktm,7GB,40000.0,60000.0,40000,60000,40000,60000,2
2025-05,sk7,11GB,70000.0,140000.0,70000,140000,70000,140000,2
2025-05,sk7,7GB,70000.0,130000.0,70000,130000,70000,130000,2
2025-05,skylife,11GB,45000.0,105000.0,45000,105000,45000,105000,2
2025-05,skylife,7GB,45000.0,60000.0,45000,60000,45000,60000,2
2025-05,umobile,11GB,55000.0,105000.0,55000,110000,55000,100000,2
2025-05,umobile,7GB,55000.0,95000.0,55000,100000,55000,90000,2
2025-06,hello,11GB,30000.0,96000.0,30000,100000,30000,90000,10
2025-06,hello,7GB,30000.0,120000.0,30000,120000,30000,120000,3
2025-06,ktm,11GB,68000.0,79000.0,70000,100000,50000,70000,10
2025-06,ktm,7GB,72222.2,74444.4,90000,90000,70000,70000,9
2025-06,sk7,11GB,70000.0,76000.0,70000,130000,70000,70000,10
2025-06,sk7,7GB,70000.0,120000.0,70000,120000,70000,120000,1
2025-06,skylife,11GB,45000.0,95000.0,45000,95000,45000,95000,10
2025-06,skylife,7GB,45000.0,80000.0,45000,80000,45000,80000,10
2025-06,umobile,11GB,55000.0,86111.1,55000,110000,55000,55000,9
2025-06,umobile,7GB,55000.0,78000.0,55000,110000,55000,55000,10
2025-07,hello,11GB,30000.0,120000.0,30000,120000,30000,120000,11
2025-07,hello,7GB,30000.0,120000.0,30000,120000,30000,120000,11
2025-07,ktm,11GB,72222.2,137777.8,90000,160000,50000,110000,9
2025-07,ktm,7GB,67142.9,121428.6,90000,150000,50000,100000,7
2025-07,sk7,11GB,70000.0,84285.7,70000,120000,70000,70000,7
2025-07,sk7,7GB,70000.0,96000.0,70000,130000,70000,70000,10
2025-07,skylife,11GB,48636.4,101363.6,50000,120000,45000,50000,11
2025-07,skylife,7GB,55000.0,85625.0,55000,90000,55000,55000,8
2025-07,umobile,11GB,63000.0,86181.8,77000,172000,55000,55000,11
2025-07,umobile,7GB,61285.7,93428.6,77000,162000,55000,55000,7
2025-08,hello,11GB,30000.0,120000.0,30000,120000,30000,120000,11
2025-08,hello,7GB,30000.0,120000.0,30000,120000,30000,120000,11
2025-08,ktm,11GB,70000.0,130000.0,70000,130000,70000,130000,5
2025-08,ktm,7GB,102727.3,125454.5,130000,130000,70000,120000,11
2025-08,sk7,11GB,88181.8,131818.2,160000,160000,70000,70000,11
2025-08,sk7,7GB,72500.0,123750.0,80000,150000,70000,70000,8
2025-08,skylife,11GB,90000.0,110000.0,90000,110000,90000,110000,1
2025-08,skylife,7GB,50000.0,80000.0,50000,80000,50000,80000,10
2025-08,umobile,11GB,60000.0,60000.0,60000,60000,60000,60000,9
2025-08,umobile,7GB,60000.0,70181.8,60000,142000,60000,60000,11
2025-09,hello,11GB,30000.0,117058.8,30000,120000,30000,110000,17
2025-09,hello,7GB,30000.0,120000.0,30000,130000,30000,110000,17
2025-09,ktm,11GB,97187.5,130312.5,130000,220000,75000,90000,16
2025-09,ktm,7GB,92083.3,141666.7,130000,210000,65000,90000,12
2025-09,sk7,11GB,94000.0,119000.0,100000,140000,80000,80000,10
2025-09,sk7,7GB,96470.6,103529.4,100000,130000,80000,80000,17
2025-09,skylife,11GB,58333.3,103333.3,75000,190000,55000,90000,9
2025-09,skylife,7GB,52058.8,73823.5,65000,180000,45000,55000,17
2025-09,umobile,11GB,70000.0,92777.8,70000,173000,70000,70000,9
2025-09,umobile,7GB,70000.0,87200.0,70000,162000,70000,70000,10
2025-10,hello,11GB,30000.0,120000.0,30000,120000,30000,120000,13
2025-10,hello,7GB,30000.0,110000.0,30000,110000,30000,110000,10
2025-10,ktm,11GB,75384.6,107692.3,80000,140000,60000,80000,13
2025-10,ktm,7GB,78000.0,95000.0,80000,110000,60000,80000,10
2025-10,sk7,11GB,80000.0,117777.8,80000,120000,80000,100000,9
2025-10,sk7,7GB,80000.0,101111.1,80000,110000,80000,80000,9
2025-10,skylife,11GB,65000.0,81666.7,65000,90000,65000,65000,12
2025-10,skylife,7GB,55000.0,80000.0,55000,80000,55000,80000,6
2025-10,umobile,11GB,61428.6,111142.9,70000,132000,55000,70000,7
2025-10,umobile,7GB,67272.7,98454.5,70000,121000,60000,70000,11
2025-11,hello,11GB,30000.0,113750.0,30000,120000,30000,110000,8
2025-11,hello,7GB,30000.0,100000.0,30000,100000,30000,100000,5
2025-11,ktm,7GB,60000.0,110000.0,60000,110000,60000,110000,8
2025-11,sk7,11GB,90000.0,120000.0,120000,120000,80000,120000,8
2025-11,sk7,7GB,88571.4,110000.0,110000,110000,80000,110000,7
2025-11,skylife,11GB,65000.0,108571.4,65000,120000,65000,100000,7
2025-11,skylife,7GB,55000.0,90000.0,55000,90000,55000,90000,6
2025-11,umobile,11GB,55000.0,121000.0,55000,121000,55000,121000,8
2025-11,umobile,7GB,55000.0,110000.0,55000,110000,55000,110000,8
2025-12,hello,11GB,30000.0,110000.0,30000,110000,30000,110000,16
2025-12,hello,7GB,30000.0,100000.0,30000,100000,30000,100000,7
2025-12,ktm,11GB,68000.0,114666.7,70000,120000,60000,110000,15
2025-12,ktm,7GB,68125.0,102500.0,70000,110000,60000,70000,16
2025-12,sk7,11GB,85000.0,117500.0,120000,120000,80000,80000,16
2025-12,sk7,7GB,80000.0,106666.7,80000,110000,80000,80000,9
2025-12,skylife,11GB,73333.3,128333.3,75000,130000,65000,120000,6
2025-12,skylife,7GB,55000.0,91818.2,55000,110000,55000,90000,11
2025-12,umobile,11GB,55000.0,83285.7,55000,121000,55000,55000,14
2025-12,umobile,7GB,55000.0,79062.5,55000,110000,55000,55000,16
2026-01,hello,11GB,30000.0,100000.0,30000,100000,30000,100000,13
2026-01,hello,7GB,30000.0,82307.7,30000,90000,30000,70000,13
2026-01,ktm,11GB,60000.0,120000.0,60000,120000,60000,120000,7
2026-01,ktm,7GB,60000.0,110000.0,60000,110000,60000,110000,13
2026-01,sk7,11GB,80000.0,120000.0,80000,120000,80000,120000,12
2026-01,sk7,7GB,80000.0,110000.0,80000,110000,80000,110000,5
2026-01,skylife,11GB,78846.2,120000.0,85000,120000,75000,120000,13
2026-01,skylife,7GB,68636.4,110000.0,75000,110000,65000,110000,11
2026-01,umobile,11GB,55000.0,132000.0,55000,154000,55000,110000,9
2026-01,umobile,7GB,55000.0,112538.5,55000,121000,55000,99000,13
2026-02,hello,11GB,30000.0,100476.2,30000,110000,30000,100000,21
2026-02,hello,7GB,30000.0,88095.2,30000,100000,30000,80000,21
2026-02,ktm,11GB,63809.5,117142.9,80000,140000,60000,110000,21
2026-02,ktm,7GB,63809.5,107142.9,80000,130000,60000,100000,21
2026-02,sk7,11GB,85238.1,121428.6,100000,150000,70000,110000,21
2026-02,sk7,7GB,85238.1,112381.0,100000,140000,70000,100000,21
2026-02,skylife,11GB,70238.1,125714.3,75000,160000,65000,110000,21
2026-02,skylife,7GB,60238.1,112857.1,65000,140000,55000,100000,21
2026-02,umobile,11GB,55000.0,130047.6,55000,160000,55000,101000,21
2026-02,umobile,7GB,55000.0,120000.0,55000,150000,55000,100000,21
2026-03,hello,11GB,30000.0,127692.3,30000,150000,30000,110000,13
2026-03,hello,7GB,30000.0,90000.0,30000,90000,30000,90000,13
2026-03,ktm,11GB,78461.5,121538.5,80000,140000,60000,100000,13
2026-03,ktm,7GB,70769.2,111538.5,80000,130000,60000,90000,13
2026-03,sk7,11GB,73846.2,122307.7,80000,140000,70000,110000,13
2026-03,sk7,7GB,73846.2,112307.7,80000,130000,70000,100000,13
2026-03,skylife,11GB,70000.0,121666.7,75000,130000,55000,110000,12
2026-03,skylife,7GB,60000.0,111666.7,65000,120000,45000,100000,12
2026-03,umobile,11GB,63461.5,126153.8,70000,150000,55000,100000,13
2026-03,umobile,7GB,63461.5,112307.7,70000,120000,55000,90000,13
2026-04,hello,11GB,30000.0,105454.5,30000,130000,30000,100000,11
2026-04,hello,7GB,30000.0,100000.0,30000,100000,30000,100000,11
2026-04,ktm,11GB,93636.4,102727.3,105000,130000,90000,100000,11
2026-04,ktm,7GB,92727.3,92727.3,105000,120000,90000,90000,11
2026-04,sk7,11GB,79090.9,102727.3,80000,130000,70000,100000,11
2026-04,sk7,7GB,79090.9,92727.3,80000,120000,70000,90000,11
2026-04,skylife,11GB,59545.5,103636.4,65000,120000,55000,100000,11
2026-04,skylife,7GB,49545.5,93636.4,55000,110000,45000,90000,11
2026-04,umobile,11GB,60000.0,105454.5,60000,130000,60000,100000,11
2026-04,umobile,7GB,60000.0,95454.5,60000,120000,60000,90000,11
2026-05,hello,11GB,30000.0,112500.0,30000,140000,30000,100000,12
2026-05,hello,7GB,53333.3,109166.7,70000,120000,30000,100000,12
2026-05,ktm,11GB,95000.0,148333.3,110000,190000,90000,110000,12
2026-05,ktm,7GB,94166.7,140000.0,110000,180000,85000,110000,12
2026-05,sk7,11GB,103333.3,139166.7,120000,160000,70000,110000,12
2026-05,sk7,7GB,103333.3,129166.7,120000,150000,70000,100000,12
2026-05,skylife,11GB,60000.0,121666.7,60000,140000,60000,110000,12
2026-05,skylife,7GB,50000.0,111666.7,50000,130000,50000,100000,12
2026-05,umobile,11GB,70833.3,153333.3,125000,220000,55000,110000,12
2026-05,umobile,7GB,70833.3,143333.3,125000,210000,55000,100000,12
2026-06,hello,11GB,70000.0,140000.0,70000,140000,70000,140000,2
2026-06,hello,7GB,70000.0,100000.0,70000,100000,70000,100000,2
2026-06,ktm,11GB,90000.0,110000.0,90000,110000,90000,110000,2
2026-06,ktm,7GB,90000.0,100000.0,90000,100000,90000,100000,2
2026-06,sk7,11GB,100000.0,110000.0,100000,110000,100000,110000,2
2026-06,sk7,7GB,100000.0,100000.0,100000,100000,100000,100000,2
2026-06,skylife,11GB,60000.0,110000.0,60000,110000,60000,110000,2
2026-06,skylife,7GB,50000.0,100000.0,50000,100000,50000,100000,2
2026-06,umobile,11GB,55000.0,109000.0,55000,109000,55000,109000,2
2026-06,umobile,7GB,55000.0,98000.0,55000,98000,55000,98000,2
