priority,write_date,article_id,subject,carrier,plan_bucket,plan_name,new_amount,mnp_amount,status,source_text
medium,2025-01-02 12:02:37,257,케이엘모바일_부성정책_ 1월 2일_ 1-1차 정책,hello,7GB,auto_candidate,30000,200000,needs_review,"DATA 걱 정 없는 유심 768 | 45,100 | 27,600 | 17,500 | 무제한 | SMG) 300% | 708 ‘Mbps 30,000 | 200,000 | 30,000 | 180,000"
high,2025-01-03 10:26:37,258,케이엘모바일_부성정책_ 1월 3일_ 1-2차 정책,hello,7GB,auto_candidate,30000,30000,needs_review,"DATA 걱 정 없는 유심 768 45,100 | 27,600 | 17,500 | 무제한 | 무제한 | 300% 768 ‘Mbps 30,000 30,000"
high,2025-01-07 10:38:13,260,케이엘모바일_부성정책_ 1월 7일_ 2차 정책_KTM수정,hello,7GB,auto_candidate,30000,30000,needs_review,"DATA 걱 정 없는 유심 768 45,100 | 27,600 | 17,500 | 무제한 | 무제한 | 300% 768 ‘Mbps 30,000 30,000"
medium,2025-01-07 10:38:13,260,케이엘모바일_부성정책_ 1월 7일_ 2차 정책_KTM수정,ktm,11GB,auto_candidate,120000,140000,needs_review,"2008 보 프 리 미 원 1168 44900 eae | Fae nics+aizcs| saps | 40000 | 120,000 | 140000 | 40000 | 100.000 | 120,00"
high,2025-01-07 10:38:13,260,케이엘모바일_부성정책_ 1월 7일_ 2차 정책_KTM수정,umobile,11GB,auto_candidate,44000,44000,needs_review,"LTE 4514 스페셜 33,900 무제한 무제한 | 300 분 | 1168+ 일 268 | aMbps | 44,000 44,000"
high,2025-01-08 10:11:24,261,케이엘모바일_부성정책_ 1월 8일_ 2-1차 정책,hello,7GB,auto_candidate,30000,30000,needs_review,"DATA 걱 정 없는 유심 768 | 45,100 | 27,600 | 17,500 | 무제한 | 무제한 | 300% | 708 ‘Mbps 30,000 30,000"
medium,2025-01-08 10:11:24,261,케이엘모바일_부성정책_ 1월 8일_ 2-1차 정책,ktm,11GB,auto_candidate,120000,140000,needs_review,"2008 보 프 리 미 원 1168 44900 eae | Fae nics+aizcs| saps | 40000 | 120,000 | 140000 | 40000 | 100.000 | 120,00"
high,2025-01-08 10:11:24,261,케이엘모바일_부성정책_ 1월 8일_ 2-1차 정책,umobile,11GB,auto_candidate,44000,44000,needs_review,"LTE 4514 스페셜 33,900 무제한 무제한 | 300 분 | 1168+ 일 268 | aMbps | 44,000 44,000"
high,2025-01-09 10:21:02,262,케이엘모바일_부성정책_ 1월 9일_ 2-2차 정책,hello,7GB,auto_candidate,30000,30000,needs_review,"DATA 걱 정 없는 유심 768 | 45,100 | 27,600 | 17,500 | 무제한 | 무제한 | 300% | 708 ‘Mbps 30,000 30,000"
medium,2025-01-09 10:21:02,262,케이엘모바일_부성정책_ 1월 9일_ 2-2차 정책,ktm,11GB,auto_candidate,120000,140000,needs_review,"2008 보 프 리 미 원 1168 44900 eae | Fae nics+aizcs| saps | 40000 | 120,000 | 140000 | 40000 | 100.000 | 120,00"
medium,2025-01-09 10:21:02,262,케이엘모바일_부성정책_ 1월 9일_ 2-2차 정책,sk7,11GB,auto_candidate,20000,220000,needs_review,"attzoce| —caink ness) — | 54560 | 41200 | 무제한 | 무제한 | 300 분 | 1168 | 일 208+30009 20000 | 220,000 | 20000 | 220000"
high,2025-01-09 10:21:02,262,케이엘모바일_부성정책_ 1월 9일_ 2-2차 정책,umobile,11GB,auto_candidate,44000,44000,needs_review,"LTE 4514 스페셜 33,900 무제한 무제한 | 300 분 | 1168+ 일 268 | aMbps | 44,000 44,000"
high,2025-01-11 09:22:52,263,케이엘모바일_부성정책_ 1월 11일_ 2-3차 정책,hello,7GB,auto_candidate,30000,30000,needs_review,"DATA 걱 정 없는 유심 768 | 45,100 | 27,600 | 17,500 | 무제한 | 무제한 | 300% | 708 ‘Mbps 30,000 30,000"
medium,2025-01-11 09:22:52,263,케이엘모바일_부성정책_ 1월 11일_ 2-3차 정책,ktm,11GB,auto_candidate,120000,140000,needs_review,"2008 보 프 리 미 원 1168 44900 eae | Fae nics+aizcs| saps | 40000 | 120,000 | 140000 | 40000 | 100.000 | 120,00"
medium,2025-01-11 09:22:52,263,케이엘모바일_부성정책_ 1월 11일_ 2-3차 정책,sk7,11GB,auto_candidate,20000,220000,needs_review,"attzoce| —caink ness) — | 54560 | 41200 | 무제한 | 무제한 | 300 분 | 1168 | 일 208+30009 20000 | 220,000 | 20000 | 220000"
high,2025-01-17 10:08:43,264,케이엘모바일_부성정책_ 1월 17일_ 2-4차 정책,hello,7GB,auto_candidate,30000,30000,needs_review,"DATA 걱 정 없는 유심 768 | 45,100 | 27,600 | 17,500 | 무제한 | 무제한 | 300% | 708 ‘Mbps 30,000 30,000"
medium,2025-01-17 10:08:43,264,케이엘모바일_부성정책_ 1월 17일_ 2-4차 정책,ktm,11GB,auto_candidate,120000,140000,needs_review,"2008 보 프 리 미 원 1168 44900 eae | Fae nics+aizcs| saps | 40000 | 120,000 | 140000 | 40000 | 100.000 | 120,00"
medium,2025-01-17 11:37:16,265,케이엘모바일_부성정책_ 1월 17일_ 2-5차 정책,ktm,11GB,auto_candidate,120000,140000,needs_review,"2008 보 프 리 미 원 1168 44900 eae | Fae nics+aizcs| saps | 40000 | 120,000 | 140000 | 40000 | 100.000 | 120,00"
high,2025-01-17 14:50:52,266,케이엘모바일_부성정책_ 1월 17일_ 2-6차 정책,hello,11GB,auto_candidate,30000,30000,needs_review,"THE 착한 데이터 유심 11GB | 49,390 | 15,400 | 33,990 | 무제한 | 무제한 | 3008 | 1168 | 2GB+3Mbps | 30,000 30,000"
high,2025-01-17 14:50:52,266,케이엘모바일_부성정책_ 1월 17일_ 2-6차 정책,hello,7GB,auto_candidate,30000,30000,needs_review,"DATA 걱 정 없는 유심 768 | 45,100 | 27,600 | 17,500 | 무제한 | 무제한 | 300% | 708 ‘Mbps 30,000 30,000"
medium,2025-01-17 14:50:52,266,케이엘모바일_부성정책_ 1월 17일_ 2-6차 정책,ktm,11GB,auto_candidate,120000,140000,needs_review,"2008 보 프 리 미 원 1168 44900 eae | Fae nics+aizcs| saps | 40000 | 120,000 | 140000 | 40000 | 100.000 | 120,00"
medium,2025-01-18 08:41:31,267,케이엘모바일_부성정책_ 1월 18일_ 2-7차 정책,ktm,11GB,auto_candidate,120000,140000,needs_review,"2008 보 프 리 미 원 1168 44900 eae | Fae nics+aizcs| saps | 40000 | 120,000 | 140000 | 40000 | 100.000 | 120,00"
medium,2025-01-21 10:23:39,268,케이엘모바일_부성정책_ 1월 21일_ 2-8차 정책,ktm,11GB,auto_candidate,120000,140000,needs_review,"2008 보 프 리 미 원 1168 44900 eae | Fae nics+aizcs| saps | 40000 | 120,000 | 140000 | 40000 | 100.000 | 120,00"
medium,2025-01-23 10:22:11,269,케이엘모바일_부성정책_ 1월 23일_ 2-9차 정책,ktm,11GB,auto_candidate,120000,140000,needs_review,"2008 보 프 리 미 원 1168 44900 eae | Fae nics+aizcs| saps | 40000 | 120,000 | 140000 | 40000 | 100.000 | 120,00"
high,2025-02-01 12:14:12,272,케이엘모바일_부성정책_ 2월 1일_ 1차 정책,sk7,7GB,auto_candidate,40000,150000,needs_review,"결 함 568 00406 (768+) 3900 | 24200 | 무제한 | 무제한 | 300 분 | 768 | 145 40000 | 150,000"
high,2025-03-01 12:08:07,279,케이엘모바일_부성정책_ 3월 1일_1차 정책,sk7,7GB,auto_candidate,50000,100000,needs_review,"걸 함 568 00406 (768+) 3900 | 24200 | 무제한 | 무제한 | 300 분 | 708 | 105 50000 | 100,000"
high,2025-03-07 10:22:39,284,케이엘모바일_부성정책_ 3월 7일_1-4차 정책,ktm,11GB,auto_candidate,33500,40000,needs_review,"2068  M xziolg 1168  a0 | 33500    sae | 202 |rcs+acs| | 3495         40,000"
high,2025-03-17 10:57:24,285,케이엘모바일_부성정책_ 3월 17일_1-5차 정책,ktm,11GB,auto_candidate,33500,40000,needs_review,"2068  M xziolg 1168  a0 | 33500    sae | 202 |rcs+acs| | 3495         40,000"
high,2025-03-21 10:27:31,286,케이엘모바일_부성정책_ 3월 21일_1-6차 정책,ktm,11GB,auto_candidate,33500,40000,needs_review,"2068  M xziolg 1168  a0 | 33500    sae | 202 |rcs+acs| | 3495         40,000"
high,2025-03-22 11:04:04,287,케이엘모바일_부성정책_ 3월 22일_1-7차 정책,ktm,11GB,auto_candidate,33500,40000,needs_review,"2068  M xziolg 1168  a0 | 33500    sae | 202 |rcs+acs| | 3495         40,000"
high,2025-03-28 10:18:04,288,케이엘모바일_부성정책_ 3월 28일_1-8차 정책,ktm,11GB,auto_candidate,33500,40000,needs_review,"2068  M xziolg 1168  a0 | 33500    sae | 202 |rcs+acs| | 3495         40,000"
high,2025-04-03 11:00:43,292,케이엘모바일_부성정책_ 4월 3일_ 2차 정책,sk7,7GB,auto_candidate,50000,90000,needs_review,"결 함 568 00406 (768+) 3900 | 24200 | 무제한 | 무제한 | 300 분 | 768 | 1405 50,000 | 90,000"
high,2025-04-04 10:16:37,293,케이엘모바일_부성정책_ 4월 4일_ 2-1차 정책,sk7,7GB,auto_candidate,50000,90000,needs_review,"결 함 568 00406 (768+) 3900 | 24200 | 무제한 | 무제한 | 300 분 | 768 | 1405 50,000 | 90,000"
high,2025-06-18 11:05:20,317,케이엘모바일_부성정책_ 6월 18일_ 1-5차 정책,umobile,11GB,auto_candidate,55000,55000,needs_review,"2068 34,900 무제한 무 제 한 | 300 분 | 1168+ 일 208 | 3Mbps | 55,000 55,000"
high,2025-06-18 11:05:20,317,케이엘모바일_부성정책_ 6월 18일_ 1-5차 정책,umobile,7GB,auto_candidate,55000,55000,needs_review,"508 18600 무제한  | 무 제 한 | 300 분 768 1Mbps_| 55,000 55,000"
high,2025-06-19 11:26:09,318,케이엘모바일_부성정책_ 6월 19일_ 2차 정책,umobile,11GB,auto_candidate,55000,55000,needs_review,"2068 34,900 무제한 무 제 한 | 300 분 | 1168+ 일 208 | 3Mbps | 55,000 55,000"
high,2025-06-19 11:26:09,318,케이엘모바일_부성정책_ 6월 19일_ 2차 정책,umobile,7GB,auto_candidate,55000,55000,needs_review,"508 18600 무제한  | 무 제 한 | 300 분 768 1Mbps_| 55,000 55,000"
high,2025-06-24 10:13:02,319,케이엘모바일_부성정책_ 6월 24일_ 2-1차 정책,umobile,11GB,auto_candidate,55000,55000,needs_review,"2068 34,900 무제한 무 제 한 | 300 분 | 1168+ 일 208 | 3Mbps | 55,000 55,000"
high,2025-06-24 10:13:02,319,케이엘모바일_부성정책_ 6월 24일_ 2-1차 정책,umobile,7GB,auto_candidate,55000,55000,needs_review,"508 18600 무제한  | 무 제 한 | 300 분 768 1Mbps_| 55,000 55,000"
high,2025-06-28 10:34:31,320,케이엘모바일_부성정책_ 6월 28일_ 3차 정책,umobile,7GB,auto_candidate,55000,55000,needs_review,"500 18,600 무제한 무 제 한 | 300 분 768 Mbps | 55000 55,000"
high,2025-07-02 11:17:19,323,케이엘모바일_부성정책_ 7월 2일_ 1-1차 정책_최종,umobile,11GB,auto_candidate,55000,55000,needs_review,"2068 LTE 스페셜 34,900 무제한 무 제 한 | 300 분 | 1168+ 일 208 3Mbps_ | 55,000 55,000"
high,2025-07-02 11:17:19,323,케이엘모바일_부성정책_ 7월 2일_ 1-1차 정책_최종,umobile,7GB,auto_candidate,55000,55000,needs_review,"568 | 이 동 의 즐거움 (- 패 스 (768+ 통 화 기 본) | 18,600 무제한 쿠 제 한 | 300 분 768 | 55,000 55,000"
high,2025-07-03 11:31:53,324,케이엘모바일_부성정책_ 7월 3일_ 1-2차 정책,umobile,11GB,auto_candidate,55000,55000,needs_review,"2068 LTE 스페셜 34,900 무제한 무 제 한 | 300 분 | 1168+ 일 208 3Mbps_ | 55,000 55,000"
high,2025-07-03 11:31:53,324,케이엘모바일_부성정책_ 7월 3일_ 1-2차 정책,umobile,7GB,auto_candidate,55000,55000,needs_review,"568 | 이 동 의 즐거움 (- 패 스 (768+ 통 화 기 본) | 18,600 무제한 쿠 제 한 | 300 분 768 | 55,000 55,000"
high,2025-07-03 14:48:20,326,케이엘모바일_부성정책_ 7월 3일_ 2차 정책(금일 소급적용),umobile,11GB,auto_candidate,55000,55000,needs_review,"2068 116 스페셜 34,900 무제한 무 제 한 | 300% | 1168+ 일 268 | 3Mbps | 55,000 55,000"
high,2025-07-03 14:48:20,326,케이엘모바일_부성정책_ 7월 3일_ 2차 정책(금일 소급적용),umobile,7GB,auto_candidate,55000,55000,needs_review,"568 LTE (768+/ 통 화 기 본) 18.600 무제한 무 제 한 | 300 분 768 ‘Mbps | 55,000 55,000"
high,2025-07-04 12:06:53,327,케이엘모바일_부성정책_ 7월 4일_ 3차 정책,skylife,7GB,auto_candidate,55000,90000,needs_review,"두 768+( 16200 300 7686 imbps 55,000 90,000"
high,2025-07-04 12:06:53,327,케이엘모바일_부성정책_ 7월 4일_ 3차 정책,umobile,11GB,auto_candidate,55000,55000,needs_review,"2068 116 스페셜 34,900 무제한 무 제 한 | 300% | 1168+ 일 268 | 3Mbps | 55,000 55,000"
high,2025-07-04 12:06:53,327,케이엘모바일_부성정책_ 7월 4일_ 3차 정책,umobile,7GB,auto_candidate,55000,55000,needs_review,"568 LTE (768+/ 통 화 기 본) 18.600 무제한 무 제 한 | 300 분 768 ‘Mbps | 55,000 55,000"
high,2025-07-05 10:14:23,328,케이엘모바일_부성정책_ 7월 5일_ 4차 정책,skylife,7GB,auto_candidate,55000,90000,needs_review,"두 768+( 16200 300 7686 imbps 55,000 90,000"
high,2025-07-08 10:11:15,330,케이엘모바일_부성정책_ 7월 8일_ 5차 정책,skylife,7GB,auto_candidate,55000,90000,needs_review,"두 768+( 16200 300 7686 imbps 55,000 90,000"
high,2025-07-11 11:02:15,331,케이엘모바일_부성정책_ 7월 11일_ 6차 정책,skylife,11GB,auto_candidate,50000,50000,needs_review,"20GB 무제한 무제한 300%  |1168+ 일 208|  3Mbps 50,000 50,000"
high,2025-07-11 11:02:15,331,케이엘모바일_부성정책_ 7월 11일_ 6차 정책,skylife,7GB,auto_candidate,55000,55000,needs_review,"5068 Sky 모두 충분 768+( 밀 리 의 서재) | 17,900 무제한 무제한 300 분 768 1Mbps 55,000 55,000"
high,2025-07-11 11:02:15,331,케이엘모바일_부성정책_ 7월 11일_ 6차 정책,umobile,11GB,auto_candidate,66000,66000,needs_review,"LTE 스 폐 셜 [ 약 정 형 ] 약정 9.900 원 무제한 무 제 한 | 300 분 | 1168+ 일 266 | 3Mbps | 66,000 2. 만 차감 | 66,000 2.2 만 차감"
high,2025-07-15 10:17:48,332,케이엘모바일_부성정책_ 7월 15일_ 7차 정책,umobile,11GB,auto_candidate,66000,66000,needs_review,"LTE 스 폐 셜 [ 약 정 형 ] 약정 9.900 원 무제한 무 제 한 | 300 분 | 1168+ 일 266 | 3Mbps | 66,000 2. 만 차감 | 66,000 2.2 만 차감"
high,2025-07-17 10:10:18,333,케이엘모바일_부성정책_ 7월 17일_ 8차 정책,umobile,11GB,auto_candidate,66000,66000,needs_review,"LTE 스 폐 셜 [ 약 정 형 ] 약정 9.900 원 무제한 무 제 한 | 300 분 | 1168+ 일 266 | 3Mbps | 66,000 2. 만 차감 | 66,000 2.2 만 차감"
high,2025-07-23 12:09:52,334,케이엘모바일_부성정책_ 7월 23일_ 9차 정책,umobile,11GB,auto_candidate,66000,66000,needs_review,"LTE 스 폐 셜 [ 약 정 형 ] 약정 9.900 원 무제한 무 제 한 | 300 분 | 1168+ 일 266 | 3Mbps | 66,000 2. 만 차감 | 66,000 2.2 만 차감"
high,2025-08-02 10:47:18,336,케이엘모바일_부성정책_ 8월 2일_ 2차 정책,umobile,11GB,auto_candidate,60000,60000,needs_review,"LTE 스 폐 셜 [ 약 정 형 ] 32,990 무제한 [suet 3002 | 11GB+2!2GB 3Mbps 60,000 60,000"
high,2025-08-02 10:47:18,336,케이엘모바일_부성정책_ 8월 2일_ 2차 정책,umobile,7GB,auto_candidate,60000,60000,needs_review,"LTE (768+/ 통 화 기 본 )[ 약 정형] 15,900 무제한 “pate! 3008 7GB 1Mbps 60,000 60,000"
high,2025-08-07 13:50:25,339,케이엘모바일_부성정책_ 8월 7일_ 3차 정책,umobile,11GB,auto_candidate,60000,60000,needs_review,"LTE 스 폐 셜 [ 약 정 형 ] 32,990 무제한 [suet 3002 | 11GB+2!2GB 3Mbps 60,000 60,000"
high,2025-08-07 13:50:25,339,케이엘모바일_부성정책_ 8월 7일_ 3차 정책,umobile,7GB,auto_candidate,60000,60000,needs_review,"LTE (768+/ 통 화 기 본 )[ 약 정형] 15,900 무제한 “pate! 3008 7GB 1Mbps 60,000 60,000"
high,2025-08-13 12:50:24,340,케이엘모바일_부성정책_ 8월 13일_ 4차 정책,umobile,11GB,auto_candidate,60000,60000,needs_review,"20GB LTE 스폐셜 | 34,900 무제한 무 제 한 | 300 분 | 11GB+22GB 3Mbps 60,000 60,000"
high,2025-08-13 12:50:24,340,케이엘모바일_부성정책_ 8월 13일_ 4차 정책,umobile,7GB,auto_candidate,60000,60000,needs_review,"5GB 이 동 의 즐거움 - 패 스 (768+ 통 화 기 본 ) | 18,600 무제한 무제한 | 300 분 7068 Mbps 60,000 60,000"
high,2025-08-14 12:14:56,341,케이엘모바일_부성정책_ 8월 14일_ 5차 정책,umobile,11GB,auto_candidate,60000,60000,needs_review,"20GB LTE 스폐셜 34,900 무제한 무 제 한 | 300H | 11GB+22GB 3Mbps 60,000 60,000"
high,2025-08-14 12:14:56,341,케이엘모바일_부성정책_ 8월 14일_ 5차 정책,umobile,7GB,auto_candidate,60000,60000,needs_review,"5GB LTE (768+/ 통 화 기 본) 18,600 무제한 무 제 한 | 300 분 768 Mbps 60,000 60,000"
medium,2025-08-15 10:35:18,342,케이엘모바일_부성정책_ 8월 15일_ 6차 정책,ktm,7GB,auto_candidate,130000,130000,needs_review,"5068 MAMA 768( 밀 리 의 서재) 31,000 17,900 무제한 무제한 300 분 768 | 1Mbps )( 130,000 ¢ 130,000"
high,2025-08-15 10:35:18,342,케이엘모바일_부성정책_ 8월 15일_ 6차 정책,umobile,11GB,auto_candidate,60000,60000,needs_review,"20GB LTE 스폐셜 34,900 무제한 무 제 한 | 300H | 11GB+22GB 3Mbps 60,000 60,000"
high,2025-08-15 10:35:18,342,케이엘모바일_부성정책_ 8월 15일_ 6차 정책,umobile,7GB,auto_candidate,60000,60000,needs_review,"5GB LTE (768+/ 통 화 기 본) 18,600 무제한 무 제 한 | 300 분 768 Mbps 60,000 60,000"
medium,2025-08-21 10:06:16,343,케이엘모바일_부성정책_ 8월 21일_ 7차 정책,ktm,7GB,auto_candidate,130000,130000,needs_review,"5068 MAMA 768( 밀 리 의 서재) 31,000 17,900 무제한 무제한 300 분 768 | 1Mbps )( 130,000 ¢ 130,000"
high,2025-08-21 10:06:16,343,케이엘모바일_부성정책_ 8월 21일_ 7차 정책,umobile,11GB,auto_candidate,60000,60000,needs_review,"20GB LTE 스폐셜 34,900 무제한 무 제 한 | 300H | 11GB+22GB 3Mbps 60,000 60,000"
high,2025-08-21 10:06:16,343,케이엘모바일_부성정책_ 8월 21일_ 7차 정책,umobile,7GB,auto_candidate,60000,60000,needs_review,"5GB LTE (768+/ 통 화 기 본) 18,600 무제한 무 제 한 | 300 분 768 Mbps 60,000 60,000"
medium,2025-08-21 12:27:28,344,케이엘모바일_부성정책_ 8월 21일_ 7차 정책(수정),ktm,7GB,auto_candidate,130000,130000,needs_review,"5068 MAMA 768( 밀 리 의 서재) 31,000 17,900 무제한 무제한 300 분 768 | 1Mbps )( 130,000 ¢ 130,000"
high,2025-08-21 12:27:28,344,케이엘모바일_부성정책_ 8월 21일_ 7차 정책(수정),umobile,11GB,auto_candidate,60000,60000,needs_review,"20GB LTE 스폐셜 34,900 무제한 무 제 한 | 300H | 11GB+22GB 3Mbps 60,000 60,000"
high,2025-08-21 12:27:28,344,케이엘모바일_부성정책_ 8월 21일_ 7차 정책(수정),umobile,7GB,auto_candidate,60000,60000,needs_review,"5GB LTE (768+/ 통 화 기 본) 18,600 무제한 무 제 한 | 300 분 768 Mbps 60,000 60,000"
medium,2025-08-22 11:01:52,345,케이엘모바일_부성정책_ 8월 22일_ 8차 정책,ktm,7GB,auto_candidate,130000,130000,needs_review,"5068 MAMA 768( 밀 리 의 서재) 31,000 17,900 무제한 무제한 300 분 768 | 1Mbps )( 130,000 ¢ 130,000"
high,2025-08-22 11:01:52,345,케이엘모바일_부성정책_ 8월 22일_ 8차 정책,umobile,11GB,auto_candidate,60000,60000,needs_review,"2008 LTE 스폐셜 34,900 무제한 무 제 한 | 300 분 1168+ 일 268 | 3Mbps 60,000 60,000"
high,2025-08-22 11:01:52,345,케이엘모바일_부성정책_ 8월 22일_ 8차 정책,umobile,7GB,auto_candidate,60000,60000,needs_review,"5GB LTE (768+/ 통 화 기 본) 18.600 무제한 무 제 한 | 300 분 768 1Mbps 60,000 60,000"
medium,2025-08-27 12:22:56,346,케이엘모바일_부성정책_ 8월 27일_ 9차 정책,ktm,7GB,auto_candidate,130000,130000,needs_review,"5068 MAMA 768( 밀 리 의 서재) 31,000 17,900 무제한 무제한 300 분 768 | 1Mbps )( 130,000 ¢ 130,000"
medium,2025-08-27 12:22:56,346,케이엘모바일_부성정책_ 8월 27일_ 9차 정책,sk7,11GB,auto_candidate,160000,160000,needs_review,"결 합 2068 | LTE 알뜰 (1168+/ 통 화 맘껏) | 49,060 | 36,140 | 무제한 | 무제한 | 300% | 11GB | 22GB+3Mbps 160,000 160,000 160,000"
high,2025-08-27 12:22:56,346,케이엘모바일_부성정책_ 8월 27일_ 9차 정책,umobile,11GB,auto_candidate,60000,60000,needs_review,"2008 LTE 스폐셜 34,900 무제한 무 제 한 | 300 분 1168+ 일 268 | 3Mbps 60,000 60,000"
high,2025-08-27 12:22:56,346,케이엘모바일_부성정책_ 8월 27일_ 9차 정책,umobile,7GB,auto_candidate,60000,60000,needs_review,"5GB LTE (768+/ 통 화 기 본) 18.600 무제한 무 제 한 | 300 분 768 1Mbps 60,000 60,000"
medium,2025-08-28 13:06:30,347,케이엘모바일_부성정책_ 8월 28일_ 10차 정책,ktm,7GB,auto_candidate,130000,130000,needs_review,"5068 MAMA 768( 밀 리 의 서재) 31,000 17,900 무제한 무제한 300 분 768 | 1Mbps )( 130,000 ¢ 130,000"
medium,2025-08-28 13:06:30,347,케이엘모바일_부성정책_ 8월 28일_ 10차 정책,sk7,11GB,auto_candidate,160000,160000,needs_review,"결 합 2068 | LTE 알뜰 (1168+/ 통 화 맘껏) | 49,060 | 36,140 | 무제한 | 무제한 | 300% | 11GB | 22GB+3Mbps 160,000 160,000 160,000"
high,2025-09-01 18:26:33,349,케이엘모바일_부성정책_ 9월 1일_ 1차 정책(수정),skylife,7GB,auto_candidate,55000,55000,needs_review,"568 SKY 모두 충분 768+( 밀 리 의 서재) 17,900 무제한 무제한 300 분 768 ‘Mbps 55,000 55,000"
high,2025-09-03 11:03:13,350,케이엘모바일_부성정책_ 9월 3일_ 2차 정책,skylife,7GB,auto_candidate,55000,55000,needs_review,"568 SKY 모두 충분 768+( 밀 리 의 서재) 17,900 무제한 무제한 300 분 768 ‘Mbps 55,000 55,000"
high,2025-09-03 11:03:13,350,케이엘모바일_부성정책_ 9월 3일_ 2차 정책,umobile,11GB,auto_candidate,70000,70000,needs_review,"LTE 스 폐 셜 [ 약 정 형 ] 32,990 무제한 무 제 한 | 3008 | 1168+ 일 208 3Mbps 70,000 70,000"
high,2025-09-03 14:35:04,351,케이엘모바일_부성정책_ 9월 3일_ 2-1차 정책,skylife,7GB,auto_candidate,55000,55000,needs_review,"568 SKY 모두 충분 768+( 밀 리 의 서재) 17,900 무제한 무제한 300 분 768 ‘Mbps 55,000 55,000"
high,2025-09-03 14:35:04,351,케이엘모바일_부성정책_ 9월 3일_ 2-1차 정책,umobile,7GB,auto_candidate,70000,70000,needs_review,"508 LTE (768+/ 통 화 기 본) 18,600 무제한 무 제 한 | 300 분 708 1Mbps 70,000 70,000"
high,2025-09-04 10:09:25,352,케이엘모바일_부성정책_ 9월 4일_ 3차 정책,skylife,7GB,auto_candidate,55000,55000,needs_review,"568 SKY 모두 충분 768+( 밀 리 의 서재) 17,900 무제한 무제한 300 분 768 ‘Mbps 55,000 55,000"
high,2025-09-06 11:02:27,353,케이엘모바일_부성정책_ 9월 6일_ 4차 정책,skylife,7GB,auto_candidate,55000,55000,needs_review,"SKY 모두 SE 768+( 밀 리 의 서재) 17,900 무제한 무제한 300 분 768 Mbps. 55,000 55,000"
high,2025-09-06 11:02:27,353,케이엘모바일_부성정책_ 9월 6일_ 4차 정책,umobile,11GB,auto_candidate,70000,70000,needs_review,"2008 이 동 의 즐거움 - 패 스 (7168+ 통 화 기 본) 34,900 무제한 무 제 한 | 300 분 | 11GB+ 22GB 3Mbps 70,000 70,000"
high,2025-09-17 16:34:22,356,케이엘모바일_부성정책_ 9월 17일_ 6차 정책,umobile,7GB,auto_candidate,70000,70000,needs_review,"| soo | LTE (768+/ 통 화 기 본) 18,600 무제한 무 제 한 | 300 분 708 1Mbps 70,000 70,000"
high,2025-09-18 10:45:40,359,케이엘모바일_부성정책_ 9월 18일_ 7차 정책,umobile,7GB,auto_candidate,70000,70000,needs_review,"| soo | LTE (768+/ 통 화 기 본) 18,600 무제한 무 제 한 | 300 분 708 1Mbps 70,000 70,000"
high,2025-09-19 13:15:00,360,케이엘모바일_부성정책_ 9월 19일_ 8차 정책,umobile,7GB,auto_candidate,70000,70000,needs_review,"| soo | LTE (768+/ 통 화 기 본) 18,600 무제한 무 제 한 | 300 분 708 1Mbps 70,000 70,000"
high,2025-09-19 15:20:01,361,케이엘모바일_부성정책_ 9월 19일_ 9차 정책,umobile,7GB,auto_candidate,70000,70000,needs_review,"| soo | LTE (768+/ 통 화 기 본) 18,600 무제한 무 제 한 | 300 분 708 1Mbps 70,000 70,000"
high,2025-09-20 10:11:04,362,케이엘모바일_부성정책_ 9월 20일_ 10차 정책,umobile,7GB,auto_candidate,70000,70000,needs_review,"| soo | LTE (768+/ 통 화 기 본) 18,600 무제한 무 제 한 | 300 분 708 1Mbps 70,000 70,000"
high,2025-09-23 12:18:22,363,케이엘모바일_부성정책_ 9월 23일_ 11차 정책,skylife,7GB,auto_candidate,55000,55000,needs_review,"5068 SKY 모두 충분 768+( 밀 리 의 서재) | 17,900 무제한 무제한 300 분 768 009 55,000 55,000"
high,2025-09-23 12:18:22,363,케이엘모바일_부성정책_ 9월 23일_ 11차 정책,umobile,7GB,auto_candidate,70000,70000,needs_review,"| soo | LTE (768+/ 통 화 기 본) 18,600 무제한 무 제 한 | 300 분 708 1Mbps 70,000 70,000"
medium,2025-09-25 10:45:13,364,케이엘모바일_부성정책_ 9월 25일_ 12차 정책,ktm,11GB,auto_candidate,120000,200000,needs_review,"2008 M 프리미엄 1168( 밀 리 의 서재) 45.900 | 34,000 무제한 무제한 300 분 | nieeestace 3Mbps 120,000 200,000 120,000 | 200,000"
medium,2025-09-25 10:45:13,364,케이엘모바일_부성정책_ 9월 25일_ 12차 정책,ktm,7GB,auto_candidate,120000,190000,needs_review,"568 M 스페셜 768( 밀 리 의 서재) 31,000 | 17,900 무제한 무제한 300 분 708 ‘Mbps 120,000 190,000 120,000 190,000"
high,2025-09-25 10:45:13,364,케이엘모바일_부성정책_ 9월 25일_ 12차 정책,skylife,7GB,auto_candidate,55000,55000,needs_review,"5068 SKY 모두 충분 768+( 밀 리 의 서재) | 17,900 무제한 무제한 300 분 768 009 55,000 55,000"
high,2025-09-25 10:45:13,364,케이엘모바일_부성정책_ 9월 25일_ 12차 정책,umobile,11GB,auto_candidate,70000,70000,needs_review,"이 동 의 즐거움 (- 패 스 (7166+ 통 화 기 본) | 34,900 무제한 무제한 | 300 분 | 11GB+22GB | 3Mbps 70,000 70,000"
medium,2025-09-26 10:16:51,365,케이엘모바일_부성정책_ 9월 26일_ 13차 정책,ktm,11GB,auto_candidate,120000,200000,needs_review,"2008 M 프리미엄 1168( 밀 리 의 서재) 45.900 | 34,000 무제한 무제한 300 분 | nieeestace 3Mbps 120,000 200,000 120,000 | 200,000"
medium,2025-09-26 10:16:51,365,케이엘모바일_부성정책_ 9월 26일_ 13차 정책,ktm,7GB,auto_candidate,120000,190000,needs_review,"568 M 스페셜 768( 밀 리 의 서재) 31,000 | 17,900 무제한 무제한 300 분 708 ‘Mbps 120,000 190,000 120,000 190,000"
high,2025-09-26 10:16:51,365,케이엘모바일_부성정책_ 9월 26일_ 13차 정책,skylife,7GB,auto_candidate,55000,55000,needs_review,"5068 SKY 모두 충분 768+( 밀 리 의 서재) | 17,900 무제한 무제한 300 분 768 009 55,000 55,000"
high,2025-09-26 10:16:51,365,케이엘모바일_부성정책_ 9월 26일_ 13차 정책,umobile,11GB,auto_candidate,70000,70000,needs_review,"이 동 의 즐거움 (- 패 스 (7166+ 통 화 기 본) | 34,900 무제한 무제한 | 300 분 | 11GB+22GB | 3Mbps 70,000 70,000"
medium,2025-09-30 10:21:31,366,케이엘모바일_부성정책_ 9월 30일_ 14차 정책,ktm,11GB,auto_candidate,130000,220000,needs_review,"2008 모 두 다 맘껏 1168+( 웨 이브 베이직) 51,000 36,600 무제한 무제한 300% | 1108+ 일 206| . 3Mbps 130,000 220,000 130,000 220,000"
medium,2025-09-30 10:21:31,366,케이엘모바일_부성정책_ 9월 30일_ 14차 정책,ktm,7GB,auto_candidate,130000,210000,needs_review,"508 M 스페셜 768( 밀 리 의 서재) 31,000 17,900 무제한 무제한 300 분 708 ‘Mbps 130,000 210,000 130,000 210,000"
high,2025-09-30 10:21:31,366,케이엘모바일_부성정책_ 9월 30일_ 14차 정책,skylife,7GB,auto_candidate,55000,55000,needs_review,"5068 SKY 모두 충분 768+( 밀 리 의 서재) | 17,900 무제한 무제한 300 분 768 009 55,000 55,000"
high,2025-09-30 10:21:31,366,케이엘모바일_부성정책_ 9월 30일_ 14차 정책,umobile,11GB,auto_candidate,70000,70000,needs_review,"이 동 의 즐거움 (- 패 스 (7166+ 통 화 기 본) | 34,900 무제한 무제한 | 300 분 | 11GB+22GB | 3Mbps 70,000 70,000"
medium,2025-09-30 16:54:56,367,케이엘모바일_부성정책_ 9월 30일 16시30분~15차 정책,ktm,11GB,auto_candidate,120000,200000,needs_review,"2006 | M 프리미엄 1168( 밀 리 의 서재) | 45,900 34,000 | 무제한 무제한 300 분 | 1100+ 밀 208 3Mbps 120,000 200,000 120,000 200,000"
high,2025-09-30 16:54:56,367,케이엘모바일_부성정책_ 9월 30일 16시30분~15차 정책,umobile,11GB,auto_candidate,70000,70000,needs_review,"이 동 의 즐거움 (- 패 스 (7166+ 통 화 기 본) | 34,900 무제한 무제한 | 300 분 | 11GB+22GB | 3Mbps 70,000 70,000"
high,2025-10-02 11:57:01,369,케이엘모바일_부성정책_ 10월 2일_ 2차 정책,skylife,11GB,auto_candidate,65000,65000,needs_review,"20GB | SKY 모두 충분 1168+( 밀 리 의 서 재 ) 34,000 무제한 무제한 300 분 1168+ 일 268.  3Mbps 65,000 65,000"
high,2025-10-02 16:57:34,370,케이엘모바일_부성정책_ 10월 2일_ 2-1차 정책,skylife,11GB,auto_candidate,65000,65000,needs_review,"20GB | SKY 모두 충분 1168+( 밀 리 의 서 재 ) 34,000 무제한 무제한 300 분 1168+ 일 268.  3Mbps 65,000 65,000"
high,2025-10-03 10:38:12,371,케이엘모바일_부성정책_ 10월 3일_ 3차 정책,skylife,11GB,auto_candidate,65000,65000,needs_review,"20GB | SKY 모두 충분 1168+( 밀 리 의 서 재 ) 34,000 무제한 무제한 300 분 1168+ 일 268.  3Mbps 65,000 65,000"
high,2025-10-10 10:17:36,372,케이엘모바일_부성정책_ 10월 10일_ 4차 정책,skylife,11GB,auto_candidate,65000,65000,needs_review,"20GB | SKY 모두 충분 1168+( 밀 리 의 서 재 ) 34,000 무제한 무제한 300 분 1168+ 일 268.  3Mbps 65,000 65,000"
high,2025-10-15 10:06:29,373,케이엘모바일_부성정책_ 10월 15일_ 5차 정책,hello,7GB,auto_candidate,30000,110000,needs_review,"DATA 걱 정 없는 유심 768 무제한 | 무제한 | 300 분 | 768 Mbps. 30,000 110,000"
high,2025-10-18 10:22:01,374,케이엘모바일_부성정책_ 10월 18일_ 6차 정책,hello,7GB,auto_candidate,30000,110000,needs_review,"DATA 걱 정 없는 유심 768 무제한 | 무제한 | 300 분 | 768 Mbps. 30,000 110,000"
high,2025-10-18 18:27:43,375,케이엘모바일_부성정책_ 10월 18일부터_ 6차 추가 정책,hello,7GB,auto_candidate,30000,110000,needs_review,"DATA 걱 정 없는 유심 768 무제한 | 무제한 | 300 분 | 768 Mbps. 30,000 110,000"
high,2025-10-18 18:27:43,375,케이엘모바일_부성정책_ 10월 18일부터_ 6차 추가 정책,umobile,7GB,auto_candidate,70000,70000,needs_review,"5068 이 동 의 즐거움 - 패 스 (768+ 통 화 기 본) 18,600 무제한 무제한 | 300 분 768 Mbps 70,000 70,000"
high,2025-10-21 10:24:18,376,케이엘모바일_부성정책_ 10월 21일부터_ 7차 정책,umobile,7GB,auto_candidate,70000,70000,needs_review,"5068 이 동 의 즐거움 - 패 스 (768+ 통 화 기 본) 18,600 무제한 무제한 | 300 분 768 Mbps 70,000 70,000"
high,2025-10-21 15:21:23,377,케이엘모바일_부성정책_ 10월 21일부터_ 7차 정책(수정),umobile,11GB,auto_candidate,70000,70000,needs_review,"| | 이 동 의 즐거움 (- 패 스 (7168+ 통 화 기 본) 34,900 무제한 무 제 한 | 300 분 | 11GB+ 22GB 3Mbps 70,000 70,000"
high,2025-10-21 15:21:23,377,케이엘모바일_부성정책_ 10월 21일부터_ 7차 정책(수정),umobile,7GB,auto_candidate,70000,70000,needs_review,"| = | LTE (768+/ 통 화 기 본) 18,600 무제한 무 제 한 | 300 분 | 7GB Mbps 70,000 70,000"
high,2025-10-22 10:08:10,378,케이엘모바일_부성정책_ 10월 22일_ 8차 정책,umobile,11GB,auto_candidate,70000,70000,needs_review,"| | 이 동 의 즐거움 (- 패 스 (7168+ 통 화 기 본) 34,900 무제한 무 제 한 | 300 분 | 11GB+ 22GB 3Mbps 70,000 70,000"
high,2025-10-22 10:08:10,378,케이엘모바일_부성정책_ 10월 22일_ 8차 정책,umobile,7GB,auto_candidate,70000,70000,needs_review,"| = | LTE (768+/ 통 화 기 본) 18,600 무제한 무 제 한 | 300 분 | 7GB Mbps 70,000 70,000"
medium,2025-11-25 10:16:55,390,케이엘모바일_부성정책_ 11월 25일_ 7차 정책,sk7,11GB,auto_candidate,120000,120000,needs_review,"결 합 1068｜ 글로벌 300 (1168+/ 통 화 맘껏) 46,040 무제한 | 무제한 | 300% | 1168 3Mbps 120,000 120,000 120,000"
medium,2025-11-27 10:38:34,391,케이엘모바일_부성정책_ 11월 27일_ 8차 정책,sk7,11GB,auto_candidate,120000,120000,needs_review,"결 합 1068｜ 글로벌 300 (1168+/ 통 화 맘껏) 46,040 무제한 | 무제한 | 300% | 1168 3Mbps 120,000 120,000 120,000"
medium,2025-12-03 10:28:55,393,케이엘모바일_부성정책_ 12월 3일_ 2차 정책,sk7,11GB,auto_candidate,120000,120000,needs_review,"국제 | 38100 글로벌 100 (1168+/ 통 화 맘껏) 80,000 120,000 120,000 | 80,000 120,000 면제"
medium,2025-12-04 13:54:36,395,케이엘모바일_부성정책_ 12월 4일_ 3차 정책,sk7,11GB,auto_candidate,120000,120000,needs_review,"국제 | 38100 글로벌 100 (1168+/ 통 화 맘껏) 80,000 120,000 120,000 | 80,000 120,000 면제"
high,2025-12-10 10:38:42,397,케이엘모바일_부성정책_ 12월 10일_ 5차 정책,umobile,7GB,auto_candidate,55000,110000,needs_review,"| 규 줄 시 무제한 무제한 | 300 분 1768 ‘Mbps 55,000 110,000 * 110,000"
high,2025-12-17 10:59:14,400,케이엘모바일_부성정책_ 12월 17일_ 8차 정책,umobile,11GB,auto_candidate,55000,55000,needs_review,"2068 106 스페셜 34.900 무제한 무제한 | 300% | 1168+ 일 268 | 3Mbps | 55,000 55,000"
high,2025-12-17 10:59:14,400,케이엘모바일_부성정책_ 12월 17일_ 8차 정책,umobile,7GB,auto_candidate,55000,55000,needs_review,"이 동 의 즐거움 <- 패 스 (768+ 통 화 기 본) 18,600 무제한 무제한 ㅣ 300 분 768 Mbps | 55,000 55,000"
high,2025-12-18 09:56:00,401,케이엘모바일_부성정책_ 12월 18일_ 9차 정책,umobile,11GB,auto_candidate,55000,55000,needs_review,"2068 106 스페셜 34.900 무제한 무제한 | 300% | 1168+ 일 268 | 3Mbps | 55,000 55,000"
high,2025-12-18 09:56:00,401,케이엘모바일_부성정책_ 12월 18일_ 9차 정책,umobile,7GB,auto_candidate,55000,55000,needs_review,"이 동 의 즐거움 <- 패 스 (768+ 통 화 기 본) 18,600 무제한 무제한 ㅣ 300 분 768 Mbps | 55,000 55,000"
high,2025-12-22 15:47:34,402,케이엘모바일_부성정책_ 12월 22일_ 10차 정책,umobile,11GB,auto_candidate,55000,55000,needs_review,"2068 106 스페셜 34.900 무제한 무제한 | 300% | 1168+ 일 268 | 3Mbps | 55,000 55,000"
high,2025-12-22 15:47:34,402,케이엘모바일_부성정책_ 12월 22일_ 10차 정책,umobile,7GB,auto_candidate,55000,55000,needs_review,"이 동 의 즐거움 <- 패 스 (768+ 통 화 기 본) 18,600 무제한 무제한 ㅣ 300 분 768 Mbps | 55,000 55,000"
high,2025-12-23 10:58:59,403,케이엘모바일_부성정책_ 12월 23일_ 11차 정책,umobile,11GB,auto_candidate,55000,55000,needs_review,"2068 106 스페셜 34.900 무제한 무제한 | 300% | 1168+ 일 268 | 3Mbps | 55,000 55,000"
high,2025-12-23 10:58:59,403,케이엘모바일_부성정책_ 12월 23일_ 11차 정책,umobile,7GB,auto_candidate,55000,55000,needs_review,"이 동 의 즐거움 <- 패 스 (768+ 통 화 기 본) 18,600 무제한 무제한 ㅣ 300 분 768 Mbps | 55,000 55,000"
high,2025-12-24 11:35:28,404,케이엘모바일_부성정책_ 12월 24일_ 12차 정책,umobile,11GB,auto_candidate,55000,55000,needs_review,"| ace | 이 동 의 즐거움 (<- 패 스 (7168+ 통 화 기 본) 무제한 무제한 | 300% | 1168+ 밀 208 | 3Mbps 55.000 55,000"
high,2025-12-24 11:35:28,404,케이엘모바일_부성정책_ 12월 24일_ 12차 정책,umobile,7GB,auto_candidate,55000,55000,needs_review,"| ss | LTE (768+/ 통 화 기 본) 18,600 무제한 무제한 | 300 분 768 ‘Mbps 55,000 55,000"
high,2025-12-25 10:06:19,405,케이엘모바일_부성정책_ 12월 25일_ 13차 정책,umobile,11GB,auto_candidate,55000,55000,needs_review,"2068 이 동 의 즐거움 - 패 스 (7168+ 동 화 기 본) 34,900 무제한 무제한 | 300% | 1168+ 일 268 | 3665 | 55,000 55,000"
high,2025-12-25 10:06:19,405,케이엘모바일_부성정책_ 12월 25일_ 13차 정책,umobile,7GB,auto_candidate,55000,55000,needs_review,"sea LTE (768+/ 통 화 기 본) 18.600 무제한 무제한 | 300 분 768 ‘Mbps | 55,000 55,000"
high,2025-12-27 10:41:42,406,케이엘모바일_부성정책_ 12월 27일_ 14차 정책,umobile,11GB,auto_candidate,55000,55000,needs_review,"2068 이 동 의 즐거움 - 패 스 (7168+ 동 화 기 본) 34,900 무제한 무제한 | 300% | 1168+ 일 268 | 3665 | 55,000 55,000"
high,2025-12-27 10:41:42,406,케이엘모바일_부성정책_ 12월 27일_ 14차 정책,umobile,7GB,auto_candidate,55000,55000,needs_review,"sea LTE (768+/ 통 화 기 본) 18.600 무제한 무제한 | 300 분 768 ‘Mbps | 55,000 55,000"
high,2025-12-28 15:06:32,407,케이엘모바일_부성정책_ 12월 28일_ 15차 정책,umobile,11GB,auto_candidate,55000,55000,needs_review,"2068 이 동 의 즐거움 - 패 스 (7168+ 동 화 기 본) 34,900 무제한 무제한 | 300% | 1168+ 일 268 | 3665 | 55,000 55,000"
high,2025-12-28 15:06:32,407,케이엘모바일_부성정책_ 12월 28일_ 15차 정책,umobile,7GB,auto_candidate,55000,55000,needs_review,"sea LTE (768+/ 통 화 기 본) 18.600 무제한 무제한 | 300 분 768 ‘Mbps | 55,000 55,000"
high,2025-12-30 09:56:24,408,케이엘모바일_부성정책_ 12월 30일_ 16차 정책(수정),umobile,7GB,auto_candidate,55000,55000,needs_review,"| | LTE (768+/ 통 화 기 본) 18,600 무제한 무제한 | 300 분 768 ‘Mbps 55,000 55,000"
medium,2026-05-21 11:09:10,482,케이엘모바일_부성정책_ 5월 21일_ 8차 정책,sk7,11GB,auto_candidate,120000,160000,needs_review,"20GB 글로벌 300 (1168+/ 통 화 맘 껏 ) | 46,040 무제한 ㅣ 무제한 300 분 1168 3Mbps 120,000 | 160,000 120,000 160,000"
medium,2026-05-21 11:09:10,482,케이엘모바일_부성정책_ 5월 21일_ 8차 정책,sk7,7GB,auto_candidate,120000,150000,needs_review,"5686 글로벌 300 (766+/ 통 화 맘껏) 29,040 .65 편 의 점 무제한 무제한 300 분 768 1Mbps 120,000 150,000 120,000 150,000"
medium,2026-05-22 11:47:32,483,케이엘모바일_부성정책_ 5월 22일_ 9차 정책,sk7,11GB,auto_candidate,120000,160000,needs_review,"20GB 글로벌 300 (1168+/ 통 화 맘 껏 ) | 46,040 무제한 ㅣ 무제한 300 분 1168 3Mbps 120,000 | 160,000 120,000 160,000"
medium,2026-05-22 11:47:32,483,케이엘모바일_부성정책_ 5월 22일_ 9차 정책,sk7,7GB,auto_candidate,120000,150000,needs_review,"5686 글로벌 300 (766+/ 통 화 맘껏) 29,040 .65 편 의 점 무제한 무제한 300 분 768 1Mbps 120,000 150,000 120,000 150,000"
medium,2026-05-23 10:14:44,484,케이엘모바일_부성정책_ 5월 23일_ 10차 정책,sk7,11GB,auto_candidate,120000,160000,needs_review,"20GB 글로벌 300 (1168+/ 통 화 맘 껏 ) | 46,040 무제한 ㅣ 무제한 300 분 1168 3Mbps 120,000 | 160,000 120,000 160,000"
medium,2026-05-23 10:14:44,484,케이엘모바일_부성정책_ 5월 23일_ 10차 정책,sk7,7GB,auto_candidate,120000,150000,needs_review,"5686 글로벌 300 (766+/ 통 화 맘껏) 29,040 .65 편 의 점 무제한 무제한 300 분 768 1Mbps 120,000 150,000 120,000 150,000"
medium,2026-05-28 10:24:23,485,케이엘모바일_부성정책_ 5월 28일_ 11차 정책,sk7,11GB,auto_candidate,120000,160000,needs_review,"20GB 글로벌 300 (1168+/ 통 화 맘 껏 ) | 46,040 무제한 ㅣ 무제한 300 분 1168 3Mbps 120,000 | 160,000 120,000 160,000"
medium,2026-05-28 10:24:23,485,케이엘모바일_부성정책_ 5월 28일_ 11차 정책,sk7,7GB,auto_candidate,120000,150000,needs_review,"5686 글로벌 300 (766+/ 통 화 맘껏) 29,040 .65 편 의 점 무제한 무제한 300 분 768 1Mbps 120,000 150,000 120,000 150,000"
medium,2026-05-28 10:24:23,485,케이엘모바일_부성정책_ 5월 28일_ 11차 정책,umobile,11GB,auto_candidate,75000,200000,needs_review,"2008 이 동 의 즐거움 - 패 스 (7166+ 통 화 기 본) 34,900 무제한 무제한 ㅣ 300 분 11GB+ 22GB 3Mbps 75,000 200,000 75,000 200,000"
medium,2026-05-29 10:15:54,486,케이엘모바일_부성정책_ 5월 29일_ 12차 정책,sk7,11GB,auto_candidate,120000,160000,needs_review,"20GB 글로벌 300 (1168+/ 통 화 맘 껏 ) | 46,040 무제한 ㅣ 무제한 300 분 1168 3Mbps 120,000 | 160,000 120,000 160,000"
medium,2026-05-29 10:15:54,486,케이엘모바일_부성정책_ 5월 29일_ 12차 정책,sk7,7GB,auto_candidate,120000,150000,needs_review,"5686 글로벌 300 (766+/ 통 화 맘껏) 29,040 .65 편 의 점 무제한 무제한 300 분 768 1Mbps 120,000 150,000 120,000 150,000"
medium,2026-05-29 10:15:54,486,케이엘모바일_부성정책_ 5월 29일_ 12차 정책,umobile,11GB,auto_candidate,125000,220000,needs_review,"2008 이 동 의 즐거움 - 패 스 (7166+ 통 화 기 본) 34,900 무제한 무제한 300 분 1168+ 일 268 3Mbps: 125,000 220,000 125,000 220,000"
medium,2026-05-29 10:15:54,486,케이엘모바일_부성정책_ 5월 29일_ 12차 정책,umobile,7GB,auto_candidate,125000,210000,needs_review,"566 LTE (768+/ 통 화 기 본 )[ 약 정 형 1] 17,600 무제한 무제한 ㅣ 300 분 768 Mbps 125,000 210,000 125,000 210,000"
